NaN,NaN,NaN,NaN,NaN,NaN,NaN,NaN,NaN,NaN,NaN,NaN,NaN,NaN,NaN,NaN,NaN,NaN,NaN,NaN,NaN,NaN,NaN,NaN,NaN,NaN,NaN,NaN,NaN,NaN,NaN,NaN,NaN,NaN,NaN,NaN,NaN,NaN,NaN,NaN,NaN,NaN,NaN,NaN,NaN,NaN,NaN,NaN,NaN,NaN,NaN,NaN,NaN,NaN,NaN,NaN,NaN,NaN,NaN,NaN,NaN,NaN,NaN,NaN,NaN,NaN,NaN,NaN,NaN,NaN,NaN,NaN,NaN,NaN,NaN,NaN,NaN,NaN,NaN,NaN,NaN,NaN,NaN,NaN,NaN,NaN,NaN,NaN,NaN,NaN,NaN,NaN,NaN,NaN,NaN,NaN,NaN,NaN,NaN,NaN,NaN,NaN,NaN,NaN,NaN,NaN,NaN,NaN,NaN,NaN,NaN,NaN,NaN,NaN,NaN,NaN,NaN,NaN,NaN,NaN,NaN,NaN,NaN,NaN,NaN,NaN,NaN,NaN,NaN,NaN,NaN,NaN,NaN,NaN,NaN,NaN,NaN,NaN,NaN,NaN,NaN,NaN,NaN,NaN,NaN,NaN,NaN,NaN,NaN,NaN,NaN,NaN,NaN,NaN,NaN,NaN,NaN,NaN,NaN,NaN,NaN,NaN,NaN,NaN,NaN,NaN,NaN,NaN,NaN,NaN,NaN,NaN,NaN,NaN,NaN,NaN,NaN,NaN,NaN,NaN,NaN,NaN,NaN,NaN,NaN,292.63,290.35,285.62,288.41,NaN,290.23,287.36,NaN,287.77,289.24,NaN,NaN,287.83,287.04,285.99,283.9,288.24,NaN,NaN,286.52,287.75,NaN,NaN,NaN,NaN,NaN,NaN,NaN,NaN,NaN,NaN,NaN,NaN,NaN,289.17,286.28,NaN,287.08,291.52,290.96,292.57,293.82,NaN,NaN,289.87,294.6,NaN,290.33,NaN,290.55,NaN,NaN,290.56,289.93,NaN,NaN,NaN,282.84,282.73,NaN,285.27,285.56,287.61,287.92,287.23,290.01,296.24,291.59,292.44,NaN,NaN,NaN,NaN,NaN,284.12,285.04,282.87,285.12,NaN,290.05,NaN,285.48,285.2,NaN,NaN,NaN,283.96,NaN,NaN,288.93,NaN,278.6,NaN,283.84,NaN,281.32,277.8,NaN,NaN,NaN,281.5,NaN,277.88,NaN,280.73,NaN,NaN,273.16,275.04,NaN,272.7,NaN,NaN,NaN,268.4,274.21,275.68,266.4,273.77,NaN,NaN,NaN,266.32,NaN,NaN,266.88,NaN,NaN,NaN,NaN,NaN,NaN,NaN,NaN,NaN,NaN,271.33,269.32,263.28,NaN,NaN,275.95,270.81,273.83,NaN,NaN,268.08,NaN,NaN,NaN,267.28,NaN,264.32,267.18,NaN,266.46,NaN,263.92,NaN,267.64,NaN,270.28,NaN,NaN,270.1,NaN,269.37,265.06,NaN,273.9,NaN,NaN,269.27,267.98,NaN,267.84,263.92,NaN,264.75,NaN,NaN
272.64,NaN,NaN,NaN,NaN,NaN,260.3,NaN,NaN,NaN,248.76,NaN,255.54,259.15,250.3,250.46,NaN,246.44,NaN,NaN,255.9,NaN,252.9,254.34,255.92,NaN,NaN,249.62,NaN,254.9,257.14,261.92,NaN,NaN,NaN,NaN,253.71,NaN,257.9,NaN,254.92,NaN,247.3,250.59,244,247.49,245.91,NaN,NaN,254.23,263.4,NaN,NaN,NaN,NaN,NaN,248.94,248.94,253.38,258.31,257.95,265.35,NaN,NaN,265.55,250.12,NaN,NaN,253.26,251.5,NaN,263.97,257.06,255.74,260.83,263.1,273.16,265.38,264.68,NaN,273.12,NaN,265.9,NaN,NaN,NaN,270.64,NaN,NaN,265.4,263.34,267.33,NaN,NaN,NaN,NaN,261.84,NaN,NaN,266.48,NaN,NaN,266.61,269.58,NaN,NaN,265.7,267.22,269.26,NaN,NaN,NaN,NaN,267.08,265.54,NaN,NaN,273.79,NaN,275.51,NaN,NaN,NaN,273.8,275.77,NaN,279.31,NaN,NaN,273.79,276.72,NaN,269.54,NaN,274.04,NaN,276.59,279.8,281.85,282.59,NaN,NaN,NaN,272.88,NaN,NaN,NaN,NaN,NaN,NaN,NaN,NaN,NaN,280.95,276.93,282.18,NaN,NaN,284.84,275.34,NaN,NaN,285.31,NaN,NaN,278.78,281.72,285.04,283.9,282.26,NaN,286.68,NaN,NaN,289.91,289.92,NaN,292.95,292.66,NaN,NaN,288.51,NaN,NaN,287.24,289.82,290.82,NaN,NaN,NaN,287.87,NaN,280.48,NaN,289.75,287.91,289.76,NaN,288.12,287.98,NaN,NaN,NaN,NaN,NaN,NaN,NaN,NaN,290.7,287.45,290.22,289.56,NaN,NaN,NaN,NaN,NaN,NaN,NaN,NaN,NaN,NaN,NaN,NaN,NaN,NaN,290.7,290.83,290.35,NaN,288.8,293.44,NaN,293.36,289.39,286.3,NaN,287.7,286.88,285.9,NaN,NaN,285.37,NaN,NaN,278.68,NaN,NaN,285.7,286.94,282.8,285.67,282.53,288.55,286.69,282.06,NaN,290.04,NaN,284.33,286.19,NaN,288.64,287.31,NaN,NaN,283.11,284.46,277.78,284.34,280.5,NaN,285.34,NaN,NaN,276.2,279.72,280.78,275.94,NaN,NaN,284.44,275.94,284.16,283.45,286.06,282.16,281.01,NaN,275.54,NaN,NaN,277.12,NaN,NaN,NaN,NaN,278.88,NaN,NaN,NaN,NaN,NaN,276.88,273.8,277.95,NaN,NaN,NaN,NaN,266.92,275.67,269.5,273.26,NaN,NaN,NaN,NaN,NaN,271.23,271.64,269.12,NaN,NaN,NaN,277.85,273.77,273.4,NaN,NaN,NaN,NaN,NaN,272.52,NaN,269.25,267.6,266.74,265.38,NaN,NaN,263.04,265.89,263.38,NaN,268.62,266.76,263.04,NaN,267.76,269,NaN,266.54,NaN,259.66,NaN,NaN,269.68,NaN,NaN,269.2,266.2,266.2,272.48,NaN,NaN
NaN,266.6,NaN,NaN,NaN,NaN,256.18,NaN,NaN,248.23,246.77,NaN,NaN,245.24,242.22,242.68,NaN,NaN,261.32,NaN,259.98,NaN,257.84,251.3,NaN,249.36,251.34,257.65,NaN,254.44,254.45,258.61,NaN,258.71,251.67,252.92,NaN,NaN,258.84,252.28,NaN,261.09,256.46,NaN,263.72,252.76,248.06,247.06,253.72,NaN,265.72,NaN,NaN,NaN,261.04,259.96,261.78,261.12,264.81,265.47,NaN,NaN,274.51,NaN,NaN,NaN,NaN,NaN,261.96,NaN,NaN,NaN,267.66,265.59,NaN,NaN,NaN,NaN,NaN,266.51,NaN,262.95,258.34,267.42,NaN,NaN,NaN,269.5,270.03,269.87,NaN,NaN,NaN,NaN,NaN,NaN,NaN,271.51,267.16,271.29,NaN,269.34,269.32,NaN,NaN,NaN,266.26,270.35,NaN,NaN,274.23,269.85,NaN,NaN,NaN,NaN,NaN,NaN,NaN,273.12,276.46,NaN,281.6,NaN,NaN,NaN,273.26,279.94,274.44,NaN,276.06,NaN,NaN,NaN,NaN,278.1,NaN,283.65,278.93,NaN,282.24,NaN,NaN,NaN,NaN,NaN,NaN,NaN,NaN,269.36,280.27,278.43,NaN,NaN,NaN,275.18,280.79,278.93,NaN,NaN,290.61,NaN,281.92,282.78,280.6,284.16,NaN,288.85,285.3,289.3,NaN,282.54,285.34,NaN,282.58,284.5,277.7,NaN,284.51,NaN,282.88,285.45,283.5,NaN,286.47,287.62,NaN,NaN,286.74,NaN,NaN,NaN,276.54,NaN,NaN,NaN,NaN,286.37,288.05,289.78,NaN,NaN,290.65,289.88,290.24,NaN,NaN,NaN,NaN,NaN,NaN,289.03,NaN,NaN,291.47,291.55,NaN,NaN,289.57,NaN,NaN,NaN,NaN,NaN,NaN,NaN,NaN,NaN,NaN,NaN,287.24,290.74,289.57,NaN,287.67,283.78,287.57,285.34,289.28,284.62,290.89,NaN,288.44,NaN,288.83,288.47,281.24,NaN,282.48,284.74,282.76,286.86,NaN,NaN,287.86,282.14,NaN,286.37,281.56,NaN,279.74,NaN,NaN,282.55,NaN,NaN,289.92,283.44,285.9,284.24,284.29,NaN,NaN,279.9,NaN,283.71,281.76,280.91,276.04,279.76,NaN,280.8,282.21,NaN,NaN,NaN,NaN,278.02,NaN,NaN,NaN,NaN,275.67,277.48,274.51,NaN,NaN,NaN,NaN,NaN,280.14,277.25,NaN,273.06,NaN,267.44,275.73,NaN,272.54,NaN,NaN,276.17,277.37,271.14,271.24,NaN,NaN,NaN,271.51,273.99,NaN,273.29,NaN,270.62,272.82,NaN,NaN,NaN,NaN,NaN,272.84,266.76,NaN,265.86,NaN,NaN,NaN,NaN,NaN,NaN,263.31,259.07,267.24,270.86,NaN,263.42,NaN,NaN,NaN,262.88,264.88,NaN,263.76,257.66,NaN,264.4,NaN,272.32,NaN,265.54,261.2,NaN,261.96,NaN,263.5,NaN
273.88,264.02,NaN,NaN,261.94,NaN,NaN,NaN,262.26,254.26,254.06,257.28,276.16,NaN,NaN,NaN,NaN,NaN,NaN,NaN,251.86,247.26,NaN,253.56,259.48,NaN,251.12,250.04,251.96,NaN,259.94,256.66,257.84,260.06,NaN,267.17,269.21,263.46,NaN,NaN,NaN,NaN,262.76,261.14,250.5,NaN,NaN,268.46,260.67,257.66,255.48,NaN,NaN,NaN,252.44,NaN,250.41,259.51,255.74,NaN,250.16,NaN,257.67,259.13,NaN,265.33,NaN,NaN,254.74,NaN,NaN,NaN,266.08,259.84,NaN,260.08,263.49,267.38,269.04,265.57,265.76,267.62,NaN,256.98,265.63,264.22,265.28,NaN,273.74,NaN,NaN,259.72,NaN,NaN,NaN,NaN,NaN,NaN,272.49,271.33,270.84,NaN,NaN,273.82,269.12,270.02,270.98,276.78,271.83,278.29,NaN,270.46,NaN,NaN,NaN,274.21,276.03,NaN,NaN,274.86,NaN,276.49,NaN,NaN,275.82,NaN,NaN,NaN,278.03,276.24,279.52,NaN,274.36,NaN,NaN,275.41,NaN,NaN,278.08,278.21,275.38,NaN,NaN,271.44,268.72,NaN,NaN,NaN,NaN,NaN,NaN,278.43,282.43,NaN,286.19,NaN,NaN,NaN,281.76,NaN,NaN,NaN,NaN,NaN,NaN,NaN,NaN,NaN,NaN,276.91,285.36,285.94,NaN,282.07,NaN,290.76,NaN,291.41,NaN,NaN,NaN,281.04,280.48,287.66,286.8,286.43,NaN,280.54,288.62,NaN,281.64,NaN,290.23,288.71,NaN,292.34,289.51,292.55,NaN,NaN,293.09,291.98,291.55,NaN,290.84,283.98,292,NaN,290.69,288.7,NaN,NaN,NaN,290.12,289.17,288.97,287.41,292.54,288.54,289.33,292.03,292.56,293.74,NaN,NaN,NaN,NaN,288.68,286.02,287.98,NaN,NaN,NaN,288.84,289.42,NaN,NaN,287.37,289.07,288.67,283.06,NaN,NaN,NaN,289.39,290.47,286.82,288.2,285.93,288.66,287.75,286.77,287.3,283.66,292.25,287.31,NaN,NaN,NaN,NaN,NaN,287.35,285.85,289.17,285.06,NaN,284.64,280.7,NaN,282.66,284.02,NaN,276.16,276.98,284.47,285.98,282.52,NaN,NaN,287.98,NaN,NaN,NaN,NaN,NaN,NaN,NaN,NaN,NaN,NaN,271.12,281.84,276.18,279.08,272.68,NaN,NaN,NaN,NaN,NaN,NaN,272.4,277.25,NaN,281.78,NaN,NaN,279.32,272.12,NaN,NaN,278.74,274.18,NaN,271.7,273.24,NaN,NaN,NaN,NaN,NaN,272.97,267.9,270.07,NaN,NaN,262.64,266.29,NaN,264.91,NaN,NaN,268.5,NaN,275.85,NaN,NaN,269.12,268.04,267.04,268.6,266.56,261.75,268.82,NaN,266.72,NaN,261.92,264.49,259.54,267.27,265.48,NaN,NaN,262.09,258.36,NaN,258.52,NaN,NaN,NaN,263.18,NaN,271.79,260.08,NaN
NaN,258.12,NaN,259.9,NaN,NaN,NaN,257.69,253.16,268.03,258.3,NaN,NaN,277.33,NaN,NaN,NaN,NaN,NaN,NaN,NaN,266.39,NaN,263.54,NaN,NaN,260.6,NaN,273.09,NaN,NaN,NaN,259.86,NaN,NaN,NaN,NaN,NaN,262.08,255.74,NaN,255.14,NaN,250.66,NaN,NaN,NaN,NaN,261.65,254.46,260.49,NaN,262.99,NaN,260.03,256.86,NaN,252.28,NaN,251.4,254.14,259.39,260.78,264.19,256.81,263.06,264.72,NaN,NaN,265.76,273.76,276.07,NaN,270.76,NaN,NaN,265,NaN,263.28,267.72,261.68,NaN,261.24,NaN,NaN,270.99,270.23,269.67,273.52,270.88,271.01,274.08,NaN,NaN,NaN,NaN,271.88,NaN,270.59,269.84,271.84,271.14,NaN,276.78,NaN,NaN,269.58,NaN,NaN,280.45,275.57,273.76,NaN,NaN,268.4,275,NaN,272.59,274.47,274.78,NaN,NaN,NaN,NaN,NaN,NaN,279.56,276.5,NaN,269.28,273.82,275.11,NaN,280.25,277.58,NaN,NaN,NaN,278.37,NaN,NaN,NaN,NaN,NaN,277.73,NaN,NaN,284.49,NaN,NaN,NaN,NaN,NaN,NaN,NaN,277.83,284.32,NaN,NaN,NaN,NaN,NaN,276.42,285.43,NaN,NaN,286.66,286.43,NaN,285.68,291.07,283.6,288.18,NaN,NaN,288.82,NaN,NaN,288.08,291.02,NaN,290.35,NaN,285.32,NaN,NaN,NaN,287.86,289.43,290.43,NaN,288.77,NaN,NaN,290.83,294.26,290.98,292.75,NaN,NaN,292.21,NaN,292.51,NaN,NaN,NaN,291.67,NaN,NaN,293.62,291.42,NaN,NaN,NaN,NaN,NaN,NaN,286.37,NaN,291.21,288.35,NaN,287.99,285.65,283.52,285.96,NaN,NaN,289.55,NaN,285.86,NaN,NaN,287.79,288.13,NaN,286.05,285.63,NaN,NaN,NaN,285.93,284.39,286.51,NaN,NaN,283.88,287.79,NaN,285.44,286.62,285.85,286.21,281.28,282.28,283.17,NaN,NaN,285.75,287.21,287.36,287.84,NaN,NaN,282.34,NaN,NaN,283.32,NaN,278.9,282.51,NaN,278.58,NaN,NaN,282.14,NaN,276.22,NaN,276.4,280.37,NaN,284.12,NaN,NaN,272.3,276.84,280.48,NaN,278.07,NaN,276.22,NaN,NaN,276.03,NaN,NaN,NaN,NaN,267.62,NaN,NaN,NaN,276.13,NaN,NaN,273.18,272.11,271.66,NaN,272.04,NaN,NaN,277.26,274.46,NaN,NaN,NaN,280.11,NaN,NaN,279.44,NaN,NaN,NaN,NaN,272.32,275.17,274.28,268.04,NaN,263.4,NaN,NaN,NaN,274.62,265.28,NaN,265.6,267.35,NaN,NaN,NaN,NaN,NaN,270.32,NaN,274.2,271.81,NaN,NaN,NaN,270.62,268.88,NaN,271.42,NaN,263.98,274.42,NaN,268.78,NaN,266.76,NaN,269.3,NaN
NaN,NaN,267.82,270.28,NaN,NaN,273.74,NaN,NaN,268.6,NaN,NaN,NaN,NaN,NaN,258.52,NaN,252.68,NaN,262.06,255.92,252.96,256.58,260.8,254.52,NaN,254.02,NaN,255.84,251.84,NaN,256.57,NaN,NaN,254.32,252.74,NaN,249.42,250.91,253.8,258.42,257.43,256.89,252.13,NaN,261.56,NaN,254.5,256.31,NaN,NaN,NaN,254.13,NaN,254.12,263.84,258.87,258.57,NaN,259.35,NaN,261.12,NaN,264.66,NaN,250.2,247.96,250.96,263.49,NaN,NaN,NaN,NaN,NaN,NaN,NaN,258.74,263.38,NaN,260.56,NaN,NaN,270.55,NaN,NaN,NaN,273.94,267.66,270.81,269.41,268.57,NaN,NaN,263.1,NaN,265.26,NaN,NaN,NaN,NaN,267.35,264.59,NaN,NaN,NaN,NaN,NaN,NaN,272.19,271.94,274.41,272.91,NaN,276.13,NaN,271.44,NaN,274.17,NaN,274.5,273,NaN,273.84,275.82,276.22,273.42,NaN,276.89,NaN,NaN,281.73,278.14,NaN,274.62,NaN,NaN,273.82,NaN,NaN,NaN,263.84,277.2,276.32,276.21,287.27,287.6,NaN,NaN,283.78,NaN,NaN,NaN,NaN,279.42,NaN,NaN,NaN,283.6,NaN,NaN,NaN,287.24,NaN,NaN,NaN,284.3,286.92,288.08,288.31,NaN,NaN,289.16,NaN,NaN,286.52,285.98,NaN,NaN,NaN,NaN,NaN,NaN,286.21,284.38,285.34,NaN,NaN,289.83,NaN,286.35,278.92,NaN,NaN,287.37,286.6,NaN,289.91,286.87,NaN,NaN,NaN,288.75,286.69,288.69,286.08,292.05,290.23,293.03,NaN,291.54,NaN,285.76,291.93,289.56,294.64,NaN,292.33,288.98,NaN,NaN,288.42,NaN,286.89,NaN,NaN,285.8,NaN,285.84,290.67,NaN,286.41,282.18,285.27,286.32,NaN,NaN,NaN,NaN,289.01,NaN,287.65,289.39,NaN,287.54,281.86,282.82,NaN,284.81,NaN,287.17,291.15,NaN,NaN,278.86,284.68,283.9,283.12,NaN,284.54,279.71,283.77,279.43,283.41,286.47,278.84,287.95,286.86,285.72,291.5,NaN,NaN,287.79,281.5,NaN,NaN,NaN,289.01,283.27,NaN,NaN,NaN,NaN,NaN,280.62,NaN,282.39,NaN,280.33,273.96,279.57,278.27,NaN,NaN,271.24,NaN,NaN,NaN,NaN,275.33,NaN,281.63,277.37,NaN,NaN,NaN,276.39,NaN,NaN,NaN,NaN,273.91,NaN,NaN,NaN,268.62,273.36,NaN,NaN,NaN,NaN,271.84,273.32,NaN,269.39,274.07,NaN,265.8,265.56,265.8,NaN,NaN,274.19,NaN,NaN,270.28,NaN,NaN,NaN,262.16,262.48,266.71,263.46,265.93,NaN,264.84,NaN,263.74,NaN,261.27,NaN,NaN,260.48,256.58,NaN,260.64,NaN,NaN,272.07,266.12,266.98,NaN,NaN,NaN,NaN,NaN,NaN
256.48,NaN,250.98,NaN,251.94,NaN,266.09,NaN,272.63,267.26,NaN,NaN,268.28,NaN,NaN,261.16,257.92,NaN,263.56,NaN,252.76,NaN,NaN,NaN,251.94,258.6,NaN,NaN,264.65,NaN,263.95,NaN,NaN,NaN,NaN,NaN,264.54,NaN,NaN,253.52,262.41,NaN,255.22,NaN,NaN,NaN,256.53,NaN,NaN,262.34,NaN,256.38,253.75,255.83,258.03,260.5,265.38,NaN,NaN,NaN,NaN,NaN,256.45,NaN,NaN,263.24,261.85,NaN,266.79,NaN,260.01,NaN,263.27,257.42,NaN,262.32,NaN,264.72,NaN,NaN,NaN,262.74,264.86,256.67,259.46,NaN,269.32,NaN,262.82,265.24,NaN,266.76,268.05,267.14,268.89,NaN,NaN,270.94,263.96,271.5,NaN,273.02,NaN,270.01,271.98,269.87,269.68,272.63,273.4,272.37,273.59,NaN,274.22,NaN,NaN,273.93,273.99,NaN,270.08,NaN,274.42,271.89,271.97,NaN,NaN,275.64,277.66,279.66,NaN,276.76,NaN,276.7,NaN,277.78,278.03,NaN,280.95,NaN,NaN,272.18,NaN,NaN,NaN,NaN,279.08,278.61,NaN,NaN,281.2,NaN,281.09,NaN,282.44,NaN,NaN,NaN,NaN,NaN,280.66,288.86,NaN,290.9,NaN,NaN,285.43,NaN,NaN,283.34,NaN,NaN,279.42,NaN,282.98,286.47,NaN,286.92,289.51,NaN,NaN,NaN,NaN,NaN,287.85,291.03,286.75,NaN,286.69,288.51,289.94,288.93,NaN,NaN,291.92,287.19,290.85,NaN,289.07,289.39,289.96,NaN,NaN,291.1,NaN,290.74,NaN,NaN,NaN,289.95,NaN,NaN,NaN,289.64,NaN,NaN,NaN,284.31,NaN,285.62,NaN,NaN,NaN,NaN,288.58,283.63,NaN,286.39,288.26,288.18,NaN,287.59,286.3,NaN,284.04,NaN,288.7,288.28,NaN,NaN,286.74,285.15,289.4,288.03,280,289.07,288.21,290.55,286.31,288.23,NaN,NaN,NaN,286.16,NaN,285.09,284.1,279.14,NaN,NaN,NaN,275.14,283.09,276.78,279.33,281.27,280.11,281.46,279.19,282.31,284.93,NaN,NaN,NaN,NaN,281.73,NaN,282.72,281.33,280.68,NaN,279.79,279.34,282.12,NaN,283.75,NaN,278.66,NaN,NaN,281.99,NaN,281.1,274.8,274.02,276.99,278.2,NaN,274.16,275.79,275.48,NaN,280.7,279.27,NaN,NaN,274.93,278.25,NaN,NaN,276.28,NaN,NaN,NaN,277.92,NaN,NaN,NaN,273.98,267.44,274.27,278.33,NaN,275.62,272.42,268.98,269.3,270.64,NaN,270.12,265,NaN,NaN,272.18,267.86,263.4,269.98,NaN,NaN,270.75,271.93,NaN,265.5,NaN,262.76,NaN,NaN,NaN,NaN,269.63,263.16,NaN,NaN,NaN,265.87,263.22,NaN,NaN,NaN,NaN,NaN,NaN,257.78,254.48,NaN,271.31,NaN,259.58
255.34,255.36,261.38,262.32,NaN,264.95,NaN,247.9,NaN,256.52,NaN,249.42,NaN,239.62,NaN,241.3,NaN,NaN,NaN,260.44,249,NaN,257.5,NaN,244.82,246.2,NaN,NaN,260.35,254.86,255.85,251.57,NaN,262.04,258.7,250.58,248.06,252.44,NaN,257.3,254.83,NaN,264.7,NaN,263.7,NaN,252.66,NaN,259.61,NaN,NaN,258.27,NaN,NaN,NaN,252.01,256.24,258.78,NaN,NaN,NaN,NaN,249.64,257.54,NaN,272.49,NaN,NaN,265.84,NaN,269.12,NaN,260.92,NaN,269.22,267.32,268.38,NaN,266.56,264.91,NaN,263.63,266.28,268.64,268.72,258.96,NaN,NaN,266.86,265.42,270.68,NaN,NaN,273.72,NaN,269.59,NaN,NaN,NaN,270.8,NaN,NaN,NaN,270.53,271,270.9,273.25,NaN,273.45,271.59,NaN,NaN,NaN,275.57,276.94,NaN,NaN,NaN,277.69,274.9,NaN,NaN,273.6,NaN,NaN,NaN,NaN,270.51,NaN,NaN,NaN,NaN,278.42,277.14,NaN,281.74,NaN,NaN,273.92,NaN,NaN,NaN,NaN,NaN,282.77,274.88,282.31,NaN,NaN,273.06,281.58,281.3,NaN,NaN,NaN,NaN,282.36,283.85,285.09,278.98,NaN,NaN,NaN,284.18,NaN,NaN,283.32,285.78,NaN,NaN,NaN,NaN,NaN,277.9,285.35,288.84,NaN,NaN,NaN,NaN,283.45,283.94,NaN,283.32,282.45,286.45,283.89,NaN,NaN,282.54,285.64,NaN,NaN,283.65,NaN,NaN,NaN,284.71,NaN,289.93,286.27,288.61,NaN,283.7,NaN,279.72,NaN,NaN,291.21,289.86,NaN,NaN,290.51,288.36,NaN,288.52,NaN,289.48,NaN,NaN,286.36,NaN,NaN,277.9,286.93,288.04,292.74,290.84,293.34,293.67,NaN,NaN,NaN,293.3,NaN,NaN,289.35,289.9,286.54,283.5,NaN,278.44,NaN,281.98,284.26,287.79,287.69,288.92,283.92,285.55,284.72,NaN,281.52,277.8,NaN,274.4,NaN,NaN,NaN,277.89,283.94,283.45,281.08,284.87,282.13,285.41,NaN,NaN,276.04,NaN,284.2,NaN,285.09,NaN,NaN,NaN,283.69,282.17,NaN,NaN,NaN,NaN,NaN,NaN,278.24,NaN,276.94,NaN,NaN,272.92,276.79,NaN,NaN,NaN,NaN,268.44,NaN,NaN,276.38,NaN,NaN,NaN,276.11,NaN,NaN,273.73,NaN,275.27,NaN,NaN,NaN,NaN,276.27,NaN,NaN,271.92,NaN,NaN,NaN,279.44,275.67,271.62,274.03,276.32,269.56,274.43,272.08,273.2,275.81,277.3,269.17,NaN,275.16,NaN,NaN,272.76,NaN,276.43,NaN,NaN,271.68,NaN,NaN,271.69,266.72,268.32,265.06,271.42,NaN,267.65,261.36,262.9,263.24,NaN,NaN,259.28,260.16,268.88,NaN,NaN,NaN,NaN,NaN,261.4,NaN,NaN
NaN,NaN,258.2,NaN,NaN,258.25,NaN,263.49,263.96,258.7,257.38,260.48,256.36,254.63,264.05,NaN,261.24,NaN,264.52,NaN,264.49,255.94,257.19,NaN,NaN,266.4,NaN,NaN,NaN,NaN,255.42,NaN,260.7,254.13,NaN,261.69,254.36,259.81,NaN,266.02,NaN,NaN,257.57,266.02,NaN,NaN,264.52,NaN,261.79,266.98,267.26,269.96,268.16,261.62,NaN,NaN,NaN,260.62,NaN,NaN,NaN,NaN,NaN,NaN,269.78,271.86,NaN,270.48,265.78,261.5,269.73,268.48,NaN,NaN,269.71,272.58,275.19,270.34,272.91,271.34,NaN,NaN,NaN,272.54,NaN,263.82,266.28,NaN,NaN,NaN,274.63,273.95,276.15,NaN,276.57,NaN,NaN,NaN,NaN,NaN,269.88,274.85,NaN,274.38,NaN,NaN,NaN,NaN,NaN,273.92,276.59,NaN,NaN,NaN,NaN,277.79,NaN,NaN,276.41,NaN,278.33,NaN,NaN,284.67,NaN,NaN,281.42,NaN,NaN,NaN,274.68,NaN,274.42,NaN,NaN,280.51,280.44,280.32,NaN,278.99,282.91,278.26,280.92,282.09,287.99,NaN,281.95,284.64,NaN,286.83,284.48,NaN,285.25,NaN,NaN,NaN,288.54,277.92,283.7,280.3,NaN,282.32,283.5,284.33,NaN,287.9,282.22,NaN,288.92,287.86,NaN,289.58,288.25,NaN,NaN,NaN,NaN,287.75,NaN,289.15,284.26,NaN,286.96,NaN,NaN,NaN,NaN,292.41,294.72,NaN,NaN,NaN,291.25,NaN,NaN,293.8,NaN,289.3,NaN,NaN,290.08,289.59,NaN,290.07,NaN,NaN,290.36,288.69,289.54,NaN,286.09,289.1,NaN,290.39,NaN,NaN,292.24,NaN,288.54,282.48,NaN,290.47,290.79,289.12,288.33,290.25,NaN,NaN,291.35,289.8,289.69,291.33,288.66,NaN,NaN,286.63,NaN,NaN,290.17,NaN,NaN,292.94,291.11,294.64,292.2,293.77,NaN,289.81,285.38,NaN,NaN,NaN,NaN,NaN,NaN,NaN,NaN,NaN,280.66,NaN,281.72,NaN,284.08,282.85,NaN,286.34,NaN,NaN,280.6,NaN,NaN,NaN,NaN,NaN,NaN,281.36,NaN,283.49,NaN,283.26,279.5,282.23,282.53,278.9,277.06,279.34,279.19,NaN,NaN,NaN,278.83,274.4,NaN,270.34,NaN,274.78,NaN,NaN,NaN,NaN,282.66,278.22,NaN,NaN,NaN,NaN,272.06,NaN,NaN,NaN,274.15,NaN,275.71,NaN,274.65,272.77,275.47,274.2,272.09,NaN,NaN,274.4,275.05,NaN,269.3,NaN,268.38,273.58,270.88,NaN,NaN,269.86,273.12,269.12,NaN,NaN,273.21,NaN,264.06,NaN,NaN,NaN,NaN,265.1,NaN,267.61,NaN,260.18,NaN,260.64,265.72,261.4,NaN,266.88,NaN,NaN,260.8,270.67,264.9,264.83,NaN,NaN,267.63,263.14,NaN,NaN
NaN,NaN,260.38,268.51,NaN,264.65,263.74,NaN,NaN,252.54,265.3,259.43,NaN,259.51,253.34,257.71,251.46,NaN,NaN,NaN,NaN,256.97,249.61,246.99,251.44,251.34,NaN,253.91,256.09,258.66,256.38,NaN,NaN,259.57,249.11,254.94,257.16,NaN,NaN,255.67,NaN,249.94,NaN,260.48,NaN,NaN,256.73,266.3,256.24,268.37,NaN,NaN,257.78,261.27,258.9,NaN,NaN,NaN,259.69,NaN,NaN,253,250.12,NaN,NaN,NaN,263.94,263.4,NaN,NaN,276.37,NaN,NaN,263.92,NaN,NaN,NaN,263.54,267.1,NaN,NaN,266.24,NaN,264.14,262.4,264.14,265.27,267.22,268.65,263.97,258.02,NaN,270.05,NaN,NaN,271.48,268.57,266.97,NaN,263.8,NaN,277.62,NaN,NaN,270.88,NaN,NaN,273.14,NaN,265.66,263.4,270.43,269.31,274.07,NaN,NaN,NaN,NaN,NaN,276.01,275.58,275.83,275.48,NaN,NaN,273.39,NaN,278.74,NaN,NaN,270.16,276.21,279.18,NaN,NaN,NaN,NaN,NaN,NaN,NaN,NaN,273.15,NaN,NaN,284.4,NaN,NaN,NaN,NaN,NaN,NaN,286.78,288.59,NaN,281.64,281.96,280.74,NaN,286.48,NaN,286.69,NaN,NaN,275.58,273.6,NaN,287.48,286.05,NaN,286.07,286.76,NaN,NaN,284.24,NaN,NaN,NaN,287.05,NaN,NaN,NaN,285.02,NaN,NaN,NaN,288.07,289.46,290.49,NaN,NaN,287.94,NaN,NaN,NaN,NaN,288.04,290.25,NaN,NaN,289.91,NaN,NaN,NaN,NaN,NaN,288.77,NaN,289.22,287.36,290.98,NaN,290.11,NaN,NaN,NaN,287.46,290.21,NaN,NaN,NaN,290.23,NaN,NaN,287.76,286.57,NaN,NaN,NaN,289.3,NaN,NaN,NaN,290.91,NaN,288.71,NaN,287.08,290.73,287.3,NaN,NaN,NaN,287.95,NaN,287.44,NaN,291.02,NaN,NaN,NaN,NaN,NaN,287.61,283.18,NaN,289.32,282.58,287.54,282.74,283.46,284.28,281.22,280.94,282.23,NaN,NaN,NaN,NaN,286.9,288.57,286.77,286.87,287.04,NaN,NaN,NaN,NaN,NaN,282.88,275.48,282.48,288.58,288.45,282.67,NaN,NaN,282.94,281.08,NaN,NaN,NaN,NaN,NaN,279.76,NaN,278.65,269.38,NaN,278.85,NaN,NaN,270.52,NaN,275.13,NaN,275.6,275.27,NaN,275.99,274.36,NaN,282.33,276.55,279.27,NaN,NaN,274.68,NaN,NaN,277.05,NaN,NaN,NaN,NaN,274.17,270.46,NaN,267.76,NaN,271.4,270.6,NaN,261.88,NaN,275.54,272.59,272.7,273.67,270.09,NaN,273.28,NaN,NaN,NaN,272.06,269.07,271.65,NaN,NaN,272.34,NaN,267.06,261.62,263,NaN,NaN,NaN,265.04,NaN,NaN,264.8,263.33,266.65,263.83,NaN,NaN
273.18,NaN,271.3,259.5,NaN,NaN,NaN,258.88,262.86,NaN,261.26,255.84,271.07,262.66,NaN,NaN,NaN,266.56,NaN,NaN,NaN,NaN,NaN,273.12,268.49,NaN,NaN,262.84,267.96,262.88,NaN,NaN,NaN,NaN,261.48,NaN,NaN,NaN,258.51,NaN,261.42,NaN,257.94,255,250.2,265.55,NaN,NaN,NaN,268.61,263.21,262.1,NaN,NaN,269.9,261.95,NaN,254.72,NaN,NaN,NaN,NaN,NaN,270.34,NaN,255.38,254.9,NaN,NaN,NaN,265.02,271.4,NaN,265.88,263.34,265.31,272.68,NaN,275.61,274.63,276.07,278.29,278.19,273.12,NaN,NaN,NaN,NaN,NaN,270.32,267.92,270.74,NaN,272.86,NaN,265.9,272.34,NaN,NaN,NaN,NaN,NaN,NaN,273.06,274.92,NaN,NaN,281.7,NaN,275.26,276.86,NaN,271.24,NaN,NaN,273.71,276.69,NaN,265.22,272.95,275.67,NaN,268.08,NaN,NaN,NaN,NaN,276.91,NaN,269.4,NaN,NaN,279.1,NaN,NaN,NaN,276.7,279.32,278.19,282.04,283.26,284.88,NaN,NaN,NaN,NaN,287.1,NaN,NaN,NaN,NaN,287.52,281.78,NaN,NaN,NaN,NaN,281.3,281.28,282.08,285.55,283.7,286.13,284.94,NaN,287.75,286.06,287.08,282.94,286.76,NaN,NaN,NaN,291.38,NaN,NaN,NaN,278.26,NaN,281.24,NaN,289.44,NaN,290.55,286.95,NaN,288.39,292.49,NaN,291.59,288.5,286.04,289.02,288.57,291.18,290.06,293.85,NaN,NaN,NaN,289.71,290.34,286.86,NaN,291.03,NaN,290.46,NaN,NaN,284.28,NaN,288.01,291.81,NaN,286.52,NaN,291.33,293,291.64,289.96,289.29,291.27,NaN,NaN,NaN,290.17,292.61,NaN,NaN,NaN,NaN,289.83,287.68,NaN,286.72,290.67,289.79,289.14,290.82,290.84,NaN,286.46,291.05,NaN,291.83,285.5,285.04,NaN,NaN,NaN,NaN,NaN,NaN,286.86,286.97,284.22,286.59,287.35,279.88,281.36,284.09,NaN,NaN,282.22,281.26,284.73,NaN,282.65,277.86,NaN,NaN,279,NaN,NaN,NaN,NaN,286.73,NaN,284.57,NaN,282.05,NaN,NaN,281.28,274.72,NaN,277.52,NaN,275.84,NaN,279.7,275.77,NaN,NaN,282.11,269.62,279.08,278.39,274.16,279.5,280.85,NaN,278.3,NaN,NaN,NaN,NaN,276.09,NaN,NaN,274.74,272.85,NaN,265.74,274.73,274.19,NaN,275.89,276.14,274.02,271.72,272.65,272.95,NaN,272.44,NaN,271.52,272.2,NaN,NaN,269.3,270.36,264.5,269.85,269.04,266.53,NaN,NaN,272.39,NaN,NaN,NaN,268.76,NaN,NaN,262.36,265.17,258.28,NaN,272.68,NaN,264.2,NaN,NaN,NaN,NaN,NaN,NaN,269.81,NaN,264.17,NaN,NaN,266.79,NaN,267.46
NaN,259.7,262.3,255.94,255.14,NaN,NaN,257.49,265.38,268.48,NaN,269.23,267.4,NaN,NaN,NaN,261.84,NaN,NaN,NaN,255.86,252.79,NaN,246.09,NaN,NaN,NaN,NaN,NaN,NaN,NaN,262.58,NaN,NaN,260.43,256.91,NaN,257.46,258.25,NaN,NaN,257.51,NaN,261.86,NaN,NaN,NaN,NaN,NaN,262.19,NaN,264.73,268.7,254.68,260.23,257,264.24,NaN,265.54,NaN,NaN,260.81,NaN,260.93,NaN,NaN,NaN,265.19,267.13,NaN,NaN,274.66,269.7,263.2,261.6,262.84,NaN,NaN,262.32,265.07,261.24,NaN,261.84,268.95,NaN,268.97,263.18,NaN,271.84,269.11,NaN,269.12,NaN,269.08,NaN,NaN,264.56,NaN,NaN,NaN,NaN,269.74,NaN,NaN,272.28,267.36,276.54,NaN,276.99,NaN,266.42,271.7,272.28,NaN,NaN,273.87,276.27,275.25,275.48,273.71,277.38,280.39,278.91,281.43,276.66,281.07,278.57,282.44,NaN,281.83,NaN,NaN,280.01,276.36,278.76,281.12,281.7,278.37,279.02,NaN,NaN,NaN,NaN,NaN,270.78,NaN,281.15,278.31,NaN,NaN,285.05,NaN,NaN,288.08,285.25,283.92,281.06,NaN,NaN,276.28,NaN,NaN,NaN,NaN,NaN,285.36,287.47,NaN,287.03,285.6,282.97,NaN,NaN,NaN,NaN,NaN,NaN,NaN,NaN,NaN,289.95,NaN,NaN,NaN,NaN,293.24,NaN,NaN,NaN,NaN,NaN,288.54,291.1,289.71,288,291.08,294.73,291.53,NaN,NaN,NaN,NaN,287.36,NaN,288.72,289.45,NaN,280.94,NaN,NaN,288.85,284.18,291.2,NaN,NaN,NaN,NaN,286.66,287.73,NaN,NaN,290.88,285.92,NaN,NaN,287.9,287.55,285.62,288.27,285.55,289.08,NaN,290.56,291.49,NaN,288.02,286.21,NaN,NaN,NaN,NaN,282.58,NaN,NaN,280.1,286.86,290.29,NaN,284.11,NaN,285.1,284.99,NaN,NaN,NaN,NaN,276.04,285.13,NaN,279.14,283.66,284.08,NaN,284.74,NaN,282.99,279.44,NaN,278.44,278.84,283.03,284.47,281.2,283.3,285.65,286.11,NaN,NaN,NaN,NaN,NaN,281.46,277.06,280.64,283.19,278.38,NaN,280.56,NaN,NaN,NaN,281.75,NaN,278.56,NaN,NaN,NaN,NaN,270.68,NaN,268.26,277.29,NaN,NaN,NaN,283.17,NaN,272.7,274.2,NaN,NaN,NaN,NaN,NaN,265.34,NaN,268.12,NaN,271.83,NaN,NaN,NaN,277.49,271.47,272.18,271.48,271.35,268.82,NaN,NaN,NaN,263.58,NaN,268.65,NaN,NaN,NaN,273.06,267.86,NaN,NaN,267.85,NaN,265.1,266.77,263.62,257.88,NaN,NaN,NaN,NaN,259.12,NaN,257.72,NaN,NaN,NaN,NaN,257.22,258.33,255.3,257.44,NaN,261.86,NaN,NaN
NaN,NaN,NaN,NaN,NaN,NaN,262.73,254.67,256.53,254.77,NaN,NaN,NaN,NaN,NaN,NaN,NaN,NaN,NaN,NaN,254.48,NaN,252.2,255.12,NaN,259.07,NaN,255.45,247.42,257.72,NaN,262.91,NaN,NaN,252.2,NaN,259.84,250.14,256.8,NaN,249.04,246.12,247.52,NaN,NaN,258.82,NaN,257.67,250.69,259.13,260.08,NaN,270.83,267.47,NaN,259.24,NaN,NaN,NaN,NaN,NaN,255.37,249.03,243.04,251.22,252.2,261.33,NaN,NaN,NaN,NaN,NaN,256.51,NaN,266.85,252.48,249.56,258.27,NaN,NaN,264.2,NaN,255.52,248.96,NaN,259.36,NaN,270.22,NaN,266.11,270.36,NaN,266.06,267.15,NaN,267.78,269.34,NaN,269.59,269.93,NaN,273.86,NaN,NaN,NaN,NaN,264.84,266.8,NaN,270.83,NaN,NaN,NaN,272.67,274.7,NaN,NaN,267.66,269.78,NaN,NaN,NaN,271.13,271.68,NaN,275.95,277.45,274.83,NaN,NaN,NaN,NaN,276.92,NaN,280.57,NaN,NaN,278.08,NaN,277.03,275.22,NaN,NaN,273.5,283.08,NaN,NaN,275.06,280.01,NaN,NaN,282.58,282.89,286.43,284.56,NaN,286.36,285.6,285.5,NaN,NaN,282.04,NaN,NaN,280.85,278.38,NaN,NaN,NaN,289.39,284.17,NaN,284.71,284.67,287.37,NaN,NaN,284.52,287.13,288.26,289.77,NaN,292.86,NaN,NaN,NaN,NaN,289.79,NaN,NaN,291.61,286.42,289,NaN,NaN,NaN,NaN,NaN,287.29,290.41,NaN,288.75,289.25,290.4,NaN,288.18,288.65,287,NaN,284.58,NaN,287.77,287.72,285.84,285.9,288.23,288.53,NaN,288.44,280.12,289.56,288.07,290.08,285.57,NaN,NaN,285.16,NaN,NaN,NaN,285.49,289.12,286.79,NaN,NaN,289.4,290.94,290.88,289.44,NaN,289.95,283.6,NaN,290.61,NaN,NaN,287.29,288.21,291.96,NaN,285.26,285.16,282.72,NaN,288.8,NaN,281.16,280.5,NaN,283.21,284.12,281.28,278.22,286.25,285.61,283.03,280.88,280.06,284.69,286.48,286.98,286.72,279.02,NaN,277.94,282.1,NaN,NaN,277.56,283.23,NaN,NaN,276.26,NaN,279.94,276.5,283.09,NaN,283.25,NaN,282.44,281.32,NaN,NaN,NaN,NaN,NaN,NaN,278.75,NaN,NaN,NaN,280.01,273.6,NaN,NaN,NaN,274.35,NaN,NaN,NaN,271.78,NaN,NaN,NaN,278.46,276.4,NaN,271.7,269.04,NaN,274.86,271.24,NaN,268.04,267.88,262.72,271.42,283.13,NaN,NaN,NaN,NaN,NaN,NaN,NaN,NaN,NaN,264.6,NaN,NaN,NaN,NaN,NaN,NaN,NaN,NaN,260.1,272.58,265.24,NaN,NaN,263.38,268.24,263.1,258.96,NaN,NaN,NaN,274.46,262.18,NaN,271.15,266.78,NaN,NaN
NaN,261.94,259.34,NaN,268.46,NaN,NaN,NaN,NaN,257.26,NaN,NaN,257.64,250.14,255.56,NaN,253.62,NaN,NaN,268.88,260.06,NaN,262,NaN,NaN,255.9,NaN,260.03,252.82,NaN,NaN,256.96,249.38,252.28,249.04,255.3,250.16,250.5,255.02,NaN,NaN,255.39,247.92,254.69,248.95,NaN,NaN,249.48,NaN,NaN,247.94,245.44,NaN,NaN,248.61,NaN,256.71,251.23,249.65,251.97,NaN,257.21,NaN,NaN,250.05,NaN,261.87,NaN,260.62,269.32,NaN,261.3,NaN,NaN,262.13,NaN,260.33,257.82,257.64,NaN,265.95,256.71,257.12,260.02,NaN,NaN,NaN,265.79,NaN,NaN,266.66,266.2,NaN,NaN,266.53,265.3,NaN,NaN,259.19,NaN,274.84,273.48,269.82,NaN,272.84,271.45,NaN,274.5,273.8,NaN,NaN,272.32,NaN,NaN,NaN,NaN,264.56,NaN,NaN,NaN,272.27,273.46,276.74,278.09,NaN,277.26,NaN,NaN,NaN,NaN,NaN,NaN,277.04,278.67,279.04,NaN,NaN,275.27,NaN,282.54,280.03,NaN,278.05,277.75,NaN,NaN,286.52,289.4,NaN,NaN,NaN,NaN,NaN,NaN,NaN,279.8,NaN,281.33,NaN,NaN,NaN,NaN,NaN,NaN,NaN,NaN,NaN,282.65,NaN,NaN,284.37,NaN,NaN,NaN,288.6,286.68,NaN,286.88,NaN,279.74,NaN,NaN,289.41,285.49,NaN,NaN,290.1,289.57,NaN,NaN,NaN,288.87,NaN,290.38,287.22,NaN,286.13,287.52,NaN,288.66,NaN,NaN,292.02,NaN,NaN,NaN,NaN,287.01,NaN,291.54,290.76,292.64,289.55,290.73,NaN,290.12,290.01,287.12,289.11,285.93,NaN,288.06,286.51,NaN,289.18,290.36,NaN,292.71,290.62,292.7,NaN,NaN,289.09,NaN,290.7,283.72,290.42,NaN,291.3,290.23,286.94,NaN,287.4,291.92,286.92,NaN,289.17,NaN,290.99,289.75,NaN,NaN,NaN,NaN,287.22,NaN,282.72,290.08,289.57,291.55,288.16,290.33,NaN,285.44,NaN,283,289.58,NaN,283.1,278.56,280.72,NaN,NaN,278.64,NaN,281.38,278.92,278.79,279.05,281.6,284.09,NaN,281.06,NaN,281.45,282.38,NaN,279.7,278.12,NaN,272.86,276.63,NaN,274.28,NaN,271.08,277.04,NaN,279.33,273.12,271.9,NaN,277.84,276.01,NaN,278.71,272.61,280.47,276.3,NaN,NaN,277.43,276.63,274.73,NaN,274.14,NaN,NaN,NaN,275.93,273.75,272.42,NaN,NaN,271.07,NaN,NaN,270.87,269.19,267.99,275.07,NaN,272.29,269.38,267.38,NaN,NaN,264.64,270.04,274,NaN,271.96,270.88,NaN,NaN,NaN,NaN,269.59,268.2,272.24,NaN,272.23,272.12,267.94,NaN,270.37,271.87,NaN,276.48,NaN,NaN,266.02,NaN,264.62,NaN,NaN
NaN,257.16,NaN,267.82,265.36,257.82,267.08,266.17,NaN,266.53,273.81,264.34,NaN,NaN,NaN,NaN,NaN,NaN,NaN,261.32,259.8,260.76,259.09,257,263.31,NaN,NaN,262.92,256.7,NaN,NaN,NaN,264.92,NaN,NaN,NaN,263,NaN,260.28,NaN,255.8,259.9,254.04,252.72,NaN,249.68,NaN,268.4,NaN,260.81,NaN,NaN,263.48,257.04,NaN,NaN,NaN,261.8,NaN,NaN,265.24,NaN,256.97,252.44,255.29,260.14,NaN,NaN,NaN,NaN,NaN,267.6,275.98,NaN,NaN,270,NaN,NaN,265.12,265.34,NaN,266.8,NaN,NaN,NaN,269.25,268.98,NaN,NaN,269.79,NaN,NaN,276.4,271.35,NaN,NaN,262.22,261.9,271,NaN,267.89,255.26,NaN,272.35,270.76,NaN,273.58,273.58,NaN,NaN,273.7,274.65,NaN,NaN,274.19,272.55,NaN,271.64,273.32,271.29,274.86,274.09,NaN,NaN,269.12,NaN,NaN,278.79,278.27,275.26,278.18,277.85,278.57,NaN,NaN,NaN,NaN,NaN,278.49,NaN,NaN,281.81,NaN,284.19,284.75,285.86,287.83,NaN,NaN,NaN,NaN,288.12,288.31,285.08,NaN,NaN,286.4,273.84,286.58,NaN,NaN,NaN,NaN,NaN,NaN,279.16,286.99,283.63,283.25,283.7,285.02,286.32,285.22,287.28,NaN,288.04,NaN,288.62,287.52,286.96,NaN,286.64,289.16,NaN,287.6,288.45,289.43,290.61,NaN,283.5,279.96,NaN,283.06,288.95,NaN,291.74,291.25,285.9,NaN,NaN,290.54,290.54,288.68,NaN,NaN,291.89,288.6,291.43,291.36,NaN,NaN,291.79,291.27,NaN,291.39,289.17,289.35,NaN,NaN,292.28,290.12,291.01,NaN,NaN,NaN,NaN,NaN,NaN,NaN,NaN,290.03,289.63,289.97,284.8,NaN,288.84,288.36,NaN,289.29,292.48,288.3,NaN,NaN,NaN,NaN,286.88,288.82,286.43,288.97,287.11,NaN,NaN,NaN,NaN,NaN,288.29,286,288.59,286.71,283.82,285.14,NaN,NaN,NaN,290.54,288.56,NaN,283.9,280.68,283.98,NaN,NaN,NaN,NaN,NaN,NaN,284.2,274.24,281.25,281.78,285.41,284.94,NaN,282.83,277.74,NaN,281.63,281.97,276.82,276.38,284.72,NaN,273.94,NaN,NaN,NaN,NaN,277.94,NaN,NaN,NaN,NaN,273.97,271.82,NaN,276.27,NaN,NaN,NaN,271,NaN,274.91,275.8,NaN,273.95,NaN,274.13,NaN,273.58,NaN,NaN,278.81,277.84,276.42,275.3,NaN,NaN,273,NaN,NaN,NaN,NaN,272.76,274.91,273.65,NaN,274.37,NaN,NaN,267.36,267.52,NaN,NaN,270.75,266.49,264.44,NaN,269.1,NaN,NaN,NaN,NaN,NaN,NaN,NaN,NaN,NaN,NaN,NaN,264.4,NaN,NaN,259.18,NaN,NaN,253.6
NaN,258.25,260.26,268.12,267.22,NaN,254.08,NaN,254.32,252.46,NaN,NaN,275.93,NaN,NaN,NaN,NaN,NaN,NaN,265.12,NaN,269.08,NaN,NaN,271.08,267.74,NaN,NaN,NaN,NaN,259.16,NaN,257.16,258.61,257.34,259.12,265.03,255.58,NaN,263.51,NaN,NaN,258.72,NaN,260.26,247.54,NaN,NaN,262.76,268.5,NaN,262.98,263.53,267.59,272.33,NaN,NaN,265.52,270.74,NaN,267.38,264.48,NaN,NaN,258.84,NaN,NaN,272.11,265.58,NaN,NaN,NaN,NaN,259.12,NaN,257.92,256.54,256.86,264.47,267.59,268.65,258.44,NaN,NaN,263.3,NaN,272.97,NaN,270.06,NaN,NaN,NaN,271.59,NaN,262.58,268.5,276.4,NaN,271.83,NaN,270.65,NaN,273.43,270.86,268.87,NaN,276.32,272.1,NaN,264.32,NaN,NaN,270.44,273.08,271.52,NaN,281.76,281.34,NaN,NaN,NaN,NaN,277.41,275.7,NaN,NaN,273.8,NaN,273.05,NaN,NaN,276.51,279.93,NaN,NaN,280.56,281.71,NaN,NaN,NaN,277.96,NaN,NaN,NaN,NaN,NaN,273.8,NaN,277.5,266.9,NaN,281.95,NaN,NaN,282.92,NaN,NaN,282.67,283.97,NaN,280.96,NaN,NaN,293.27,287.4,282.7,NaN,NaN,285.54,NaN,290.66,NaN,286.92,NaN,288.45,289.62,284.82,286.96,284.61,287.62,NaN,NaN,NaN,288.37,289.18,286.35,289.17,288.09,NaN,288.39,NaN,NaN,NaN,NaN,286.66,NaN,289.26,NaN,NaN,NaN,292.87,291.82,291.26,289.02,NaN,NaN,286.44,NaN,NaN,289.38,287.69,287.7,292.16,289.03,NaN,289.1,NaN,288.87,289.08,NaN,287.29,290.27,284.12,NaN,289.06,290.12,NaN,287.18,286.57,NaN,288.14,286.1,290.54,NaN,NaN,287.3,287.06,288.14,NaN,287.89,281.92,NaN,285.55,282.48,284.64,NaN,NaN,NaN,NaN,NaN,286.44,285.05,285.08,285.02,284.77,288.35,286.67,290.65,288.04,289.73,289.85,NaN,280.84,NaN,283.88,285.16,290.22,NaN,291.89,292.16,NaN,285.14,NaN,284.66,283.12,281.1,NaN,288.83,NaN,279.34,NaN,NaN,287.24,NaN,NaN,280.26,NaN,NaN,NaN,280.26,281.46,279.3,NaN,282.17,NaN,NaN,281.1,NaN,NaN,NaN,278.98,NaN,NaN,281.81,NaN,NaN,NaN,279.32,NaN,NaN,279.63,272.58,273.94,NaN,272.68,NaN,271.18,NaN,NaN,NaN,274.71,273.1,NaN,NaN,263.54,NaN,273.84,NaN,274.59,NaN,NaN,268.08,NaN,271.5,NaN,271.54,NaN,266.81,NaN,NaN,NaN,263.97,NaN,NaN,NaN,256.34,NaN,NaN,261.93,257.58,262.95,NaN,NaN,263.69,262.84,259.56,NaN,271.82,NaN,261.4,NaN,NaN,NaN,NaN,NaN,NaN
250.2,248.74,252.44,254.82,NaN,NaN,247.6,NaN,254.61,259.53,NaN,NaN,NaN,260.39,253.08,257.48,NaN,261.06,261.43,NaN,262.07,NaN,NaN,273.06,NaN,NaN,NaN,NaN,NaN,NaN,NaN,NaN,NaN,253.18,NaN,NaN,255.5,251.86,257.46,246.82,NaN,NaN,NaN,261.18,254.84,261.81,NaN,261.86,NaN,260.28,NaN,NaN,269.94,265.64,262.12,NaN,NaN,267.42,267.92,NaN,NaN,NaN,264.84,NaN,262.87,253.42,NaN,256.22,NaN,NaN,263.94,NaN,NaN,NaN,253.9,260.33,254.34,256.78,261.43,261.13,NaN,264.99,NaN,NaN,262.66,262.73,NaN,269.8,NaN,268.28,NaN,267.65,NaN,NaN,265.46,265.01,NaN,266.53,266.15,263.19,269.43,269.1,266.74,NaN,NaN,NaN,266.1,NaN,NaN,NaN,NaN,270.87,270.47,272.25,NaN,NaN,275.72,272.66,276.72,275.18,269.52,278.67,NaN,NaN,NaN,NaN,NaN,276.21,278.34,279.64,NaN,273.42,276.71,278.36,NaN,280.04,NaN,NaN,277.76,NaN,280.27,NaN,NaN,NaN,281.72,NaN,283.39,277.6,282.4,283.62,NaN,285.89,NaN,283.89,NaN,NaN,NaN,284.28,278.76,285.02,284.49,281.36,281.89,NaN,NaN,NaN,286.73,NaN,NaN,290.12,285.12,NaN,281.92,NaN,NaN,NaN,284.48,NaN,NaN,289.18,289.35,NaN,NaN,NaN,290.61,292.98,NaN,288,288.12,NaN,293.32,NaN,288.86,285.84,291.71,284.86,290.23,NaN,NaN,288.79,288.35,290.21,286.96,NaN,288.52,290.8,NaN,291.28,NaN,290.22,291.53,NaN,NaN,NaN,NaN,NaN,289.44,293.15,NaN,294,NaN,NaN,287.86,NaN,292.06,NaN,NaN,NaN,290.54,NaN,288.73,NaN,288.15,NaN,281.68,289.07,289.44,NaN,290.63,NaN,294.78,NaN,289.27,285.48,289.21,NaN,293.38,NaN,292.54,NaN,NaN,286.3,NaN,NaN,288.45,NaN,289.63,287.34,291.6,290.44,NaN,NaN,NaN,NaN,NaN,284.34,NaN,NaN,NaN,NaN,NaN,282.9,285.46,NaN,NaN,NaN,280.94,283.18,280.36,NaN,275.6,NaN,291.26,NaN,NaN,280.54,NaN,NaN,NaN,NaN,278.43,NaN,NaN,NaN,NaN,NaN,NaN,277.25,267.12,NaN,274.87,270.96,266.7,266.08,NaN,NaN,NaN,270.84,NaN,NaN,268.88,NaN,273.64,NaN,272.17,273.55,NaN,271.35,265.2,NaN,NaN,271.11,NaN,NaN,NaN,261.04,267.36,268.03,NaN,264.12,NaN,NaN,NaN,271.38,NaN,NaN,273.72,NaN,NaN,NaN,NaN,263.06,259.76,NaN,259.58,NaN,258.02,266.84,264.68,269.27,NaN,NaN,NaN,NaN,NaN,270.24,263.88,261.32,263.2,259.62,262.22,NaN,NaN,260.98,NaN,NaN
